fixed acidity,volatile acidity,citric acid,residual sugar,chlorides,free sulfur dioxide,total sulfur dioxide,density,pH,sulphates,alcohol,quality,original_index
8.9,0.62,0.18,3.8,0.176,52.0,145.0,0.9986,3.16,0.88,9.2,5,14
8.9,0.62,0.19,3.9,0.17,51.0,148.0,0.9986,3.17,0.93,9.2,5,15
7.9,0.32,0.51,1.8,0.341,17.0,56.0,0.9969,3.04,1.08,9.2,6,19
6.9,0.605,0.12,10.7,0.073,40.0,83.0,0.9993,3.45,0.52,9.4,6,33
7.8,0.43,0.7,1.9,0.4639999999999999,22.0,67.0,0.9974,3.13,1.28,9.4,5,81
7.3,0.67,0.26,1.8,0.401,16.0,51.0,0.9969,3.16,1.14,9.4,5,83
8.6,0.49,0.28,1.9,0.11,20.0,136.0,0.9972,2.93,1.95,9.9,6,86
8.6,0.49,0.28,1.9,0.11,20.0,136.0,0.9972,2.93,1.95,9.9,6,91
8.6,0.49,0.29,2.0,0.11,19.0,133.0,0.9972,2.93,1.98,9.8,5,92
5.0,1.02,0.04,1.4,0.045,41.0,85.0,0.9938,3.75,0.48,10.5,4,94
7.8,0.41,0.68,1.7,0.467,18.0,69.0,0.9973,3.08,1.31,9.3,5,106
5.2,0.34,0.0,1.8,0.05,27.0,63.0,0.9916,3.68,0.79,14.0,6,142
5.2,0.34,0.0,1.8,0.05,27.0,63.0,0.9916,3.68,0.79,14.0,6,144
9.2,0.52,1.0,3.4,0.61,32.0,69.0,0.9996,2.74,2.0,9.4,4,151
7.5,0.705,0.24,1.8,0.36,15.0,63.0,0.9964,3.0,1.59,9.5,5,169
8.9,0.61,0.49,2.0,0.27,23.0,110.0,0.9972,3.12,1.02,9.3,5,181
8.8,0.37,0.48,2.1,0.0969999999999999,39.0,145.0,0.9975,3.04,1.03,9.3,5,201
8.9,0.59,0.5,2.0,0.337,27.0,81.0,0.9964,3.04,1.61,9.5,6,226
8.9,0.635,0.37,1.7,0.263,5.0,62.0,0.9971,3.0,1.09,9.3,5,240
7.7,0.41,0.76,1.8,0.611,8.0,45.0,0.9968,3.06,1.26,9.4,5,258
7.7,0.27,0.68,3.5,0.358,5.0,10.0,0.9972,3.25,1.08,9.9,7,281
10.0,0.49,0.2,11.0,0.071,13.0,50.0,1.0015,3.16,0.69,9.2,6,324
10.0,0.49,0.2,11.0,0.071,13.0,50.0,1.0015,3.16,0.69,9.2,6,325
13.5,0.53,0.79,4.8,0.12,23.0,77.0,1.0018,3.18,0.77,13.0,5,353
6.1,0.21,0.4,1.4,0.066,40.5,165.0,0.9912,3.25,0.59,11.9,6,354
14.0,0.41,0.63,3.8,0.089,6.0,47.0,1.0014,3.01,0.81,10.8,6,374
11.4,0.625,0.66,6.2,0.088,6.0,24.0,0.9988,3.11,0.99,13.3,6,378
6.6,0.735,0.02,7.9,0.122,68.0,124.0,0.9994,3.47,0.53,9.9,5,396
6.6,0.735,0.02,7.9,0.122,68.0,124.0,0.9994,3.47,0.53,9.9,5,400
8.6,0.725,0.24,6.6,0.1169999999999999,31.0,134.0,1.0014,3.32,1.07,9.3,5,415
15.6,0.685,0.76,3.7,0.1,6.0,43.0,1.0032,2.95,0.68,11.2,7,442
8.4,0.37,0.53,1.8,0.413,9.0,26.0,0.9979,3.06,1.06,9.1,6,451
10.6,0.28,0.39,15.5,0.069,6.0,23.0,1.0026,3.12,0.66,9.2,5,480
8.5,0.655,0.49,6.1,0.122,34.0,151.0,1.001,3.31,1.14,9.3,5,515
8.2,0.39,0.49,2.3,0.099,47.0,133.0,0.9979,3.38,0.99,9.8,5,522
14.3,0.31,0.74,1.8,0.075,6.0,15.0,1.0008,2.86,0.79,8.4,6,544
5.0,1.04,0.24,1.6,0.05,32.0,96.0,0.9934,3.74,0.62,11.5,5,553
15.5,0.645,0.49,4.2,0.095,10.0,23.0,1.00315,2.92,0.74,11.1,5,554
15.5,0.645,0.49,4.2,0.095,10.0,23.0,1.00315,2.92,0.74,11.1,5,555
15.6,0.645,0.49,4.2,0.095,10.0,23.0,1.00315,2.92,0.74,11.1,5,557
5.0,0.42,0.24,2.0,0.06,19.0,50.0,0.9917,3.72,0.74,14.0,8,588
6.6,0.39,0.49,1.7,0.07,23.0,149.0,0.9922,3.12,0.5,11.5,6,591
9.2,0.755,0.18,2.2,0.148,10.0,103.0,0.9969,2.87,1.36,10.2,6,614
6.7,0.42,0.27,8.6,0.068,24.0,148.0,0.9948,3.16,0.57,11.3,6,649
9.8,0.88,0.25,2.5,0.104,35.0,155.0,1.001,3.41,0.67,11.2,5,651
15.9,0.36,0.65,7.5,0.096,22.0,71.0,0.9976,2.98,0.84,14.9,5,652
8.6,0.49,0.51,2.0,0.422,16.0,62.0,0.9979,3.03,1.17,9.0,5,692
7.1,0.31,0.3,2.2,0.053,36.0,127.0,0.9965,2.94,1.62,9.5,5,723
7.8,0.48,0.68,1.7,0.415,14.0,32.0,0.99656,3.09,1.06,9.1,6,754
5.1,0.585,0.0,1.7,0.044,14.0,86.0,0.99264,3.56,0.94,12.9,7,802
4.9,0.42,0.0,2.1,0.048,16.0,42.0,0.99154,3.71,0.74,14.0,7,821
5.8,1.01,0.66,2.0,0.039,15.0,88.0,0.99357,3.66,0.6,11.5,6,861
10.7,0.9,0.34,6.6,0.1119999999999999,23.0,99.0,1.00289,3.22,0.68,9.3,5,889
8.0,0.18,0.37,0.9,0.049,36.0,109.0,0.99007,2.89,0.44,12.7,6,1017
8.0,0.18,0.37,0.9,0.049,36.0,109.0,0.99007,2.89,0.44,12.7,6,1018
8.5,0.46,0.59,1.4,0.414,16.0,45.0,0.99702,3.03,1.34,9.2,5,1051
7.9,0.3,0.68,8.3,0.05,37.5,278.0,0.99316,3.01,0.51,12.3,7,1079
7.9,0.3,0.68,8.3,0.05,37.5,289.0,0.99316,3.01,0.51,12.3,7,1081
5.0,0.4,0.5,4.3,0.046,29.0,80.0,0.9902,3.49,0.66,13.6,6,1114
5.9,0.19,0.21,1.7,0.045,57.0,135.0,0.99341,3.32,0.44,9.5,5,1131
8.5,0.44,0.5,1.9,0.369,15.0,38.0,0.99634,3.01,1.1,9.4,5,1165
5.1,0.42,0.0,1.8,0.044,18.0,88.0,0.99157,3.68,0.73,13.6,7,1228
6.0,0.33,0.32,12.9,0.054,6.0,113.0,0.99572,3.3,0.56,11.5,4,1235
5.9,0.29,0.25,13.4,0.067,72.0,160.0,0.99721,3.33,0.54,10.3,6,1244
8.6,0.635,0.68,1.8,0.4029999999999999,19.0,56.0,0.99632,3.02,1.15,9.3,5,1260
5.5,0.49,0.03,1.8,0.044,28.0,87.0,0.9908,3.5,0.82,14.0,8,1269
5.0,0.38,0.01,1.6,0.048,26.0,60.0,0.99084,3.7,0.75,14.0,6,1270
7.6,1.58,0.0,2.1,0.1369999999999999,5.0,9.0,0.99476,3.5,0.4,10.9,3,1299
9.1,0.76,0.68,1.7,0.414,18.0,64.0,0.99652,2.9,1.33,9.1,6,1319
7.4,0.64,0.17,5.4,0.168,52.0,98.0,0.99736,3.28,0.5,9.5,5,1358
8.7,0.78,0.51,1.7,0.415,12.0,66.0,0.99623,3.0,1.17,9.2,5,1370
8.7,0.78,0.51,1.7,0.415,12.0,66.0,0.99623,3.0,1.17,9.2,5,1372
10.2,0.54,0.37,15.4,0.214,55.0,95.0,1.00369,3.18,0.77,9.0,6,1434
10.2,0.54,0.37,15.4,0.214,55.0,95.0,1.00369,3.18,0.77,9.0,6,1435
9.9,0.5,0.5,13.8,0.205,48.0,82.0,1.00242,3.16,0.75,8.8,5,1474
5.3,0.47,0.11,2.2,0.048,16.0,89.0,0.99182,3.54,0.88,13.566666666666698,7,1475
9.9,0.5,0.5,13.8,0.205,48.0,82.0,1.00242,3.16,0.75,8.8,5,1476
5.3,0.47,0.11,2.2,0.048,16.0,89.0,0.99182,3.54,0.88,13.6,7,1477
6.9,0.63,0.33,6.7,0.235,66.0,115.0,0.99787,3.22,0.56,9.5,5,1558
5.6,0.31,0.78,13.9,0.074,23.0,92.0,0.99677,3.39,0.48,10.5,6,1574
